﻿;ids;categories;text;human_label
3176;training/1633;earn;include,gain,nd,discount,early,long,debt,repayment;1
2518;training/12101;interest;banker,trust,bt,raise,prime,lending,banker,raise,prime,lending,effective,immediately,move,late,series,similar,action,lead,center,bank,include,last,hour,also,raise,prime,lending,effective,tomorrow;1
3571;training/2746;jobs;french,government,step,aid,jobless,government,plan,go,ahead,package,help,long,unemployed,aim,guarantee,social,security,payment,become,redundant,government,official,present,third,country,jobless,corresponding,workforce,receive,unemployment,benefit,prime,tell,television,interviewer,soon,law,approve,matter,worker,make,redundant,right,social,benefit,use,alleviate,unemployment,retrain,project,finance,come,government,fund,last,finance,spend,special,area,concern,apart,unemployment,include,relief,farmer,hit,european,cost,cutting,measure,french,unemployment,take,office;8
2923;training/13270;money-fx;big,nation,reaffirm,pact,tell,parliamentary,committee,major,nation,reafffirm,pact,strike,meet,political,source,minister,also,quote,major,nation,take,coordinated,action,ensure,exchange,official,unavailable,immediate,comment,nation,pledge,cooperate,hold,stable;8
1840;training/10349;earn;half,cent,int,div,cent,income,non,renounceable,right,issue,subordinated,convertible,redeemable,unsecured,convertible,issue,interest,depreciation,minority,extraordinary,elder;8
468;test/16251;money-fx;give,provide,afternoon,bring,total,assistance,shortly,bank,revise,estimate,shortage,early,bank,local,authority,band,case,unchanged,previous,intervention,level;8
227;test/15621;money-fx;group,welcome,late,group,develop,nation,issue,communique,welcome,stability,group,lead,industrial,democracy,yesterday,communique,issue,morning,prospect,member,country,economy,improve,stability,exchange,include,group,also,source,attend,conference,morning,reference,late,especially,add,brief,communique,stability,benefit,member,meet,briefly,committee,meeting,schedule,today;8
4544;training/5323;gold;bank,high,gold,gold,continue,due,renew,inflationary,pressure,especially,base,verein,und,crude,oil,organisation,petroleum,export,country,effort,achieve,firming,lead,grow,inflationary,pressure,supply,west,exceed,central,bank,limit,real,gross,national,product,add,use,physical,gold,due,increase,industrial,demand,high,coin,production,bank,speculative,demand,influence,gold,future,also,bank,factor,unstable,political,situation,lead,temporary,reduction,gold,supply,country,underscore,however,output,estimate;6
5501;training/8039;earn;due,writedown,asset,disposal,fiscal,due,several,factor,large,writedown,oil,gas,property,sulpetro,also,record,writeoff,defer,charge,amount,disposal,property,equity,affiliate,also,investment,operation,interest,depletion,depreciation,income,recovery,fiscal,sulpetro,also,non,recourse,project,finance,lindergh,heavy,oil,field,remain,default,due,continue,low,oil;8
4890;training/6309;earn;nd,include,respectively,discontinue,operation,exclude,operation,action,subsidiary,technodyne,include,gain,build,extraordinary,gain,earning,period,reflect,preferred,dividend;8
4177;training/4338;earn;result,hit,strike,fabrique,br,suffer,last,hit,strike,decline,oil,statement,compare,previous,include,considerable,charge,restructure,add,restructure,plan,allow,return,long,profitability,approve,local,authority,bank,workforce;5
3443;training/2375;acq;talk,point,bid,court,yesterday,make,usair,group,move,complicate,usair,takeover,piedmont,believe,close,accept,bid,today,reject,icahn,bid,last,minute,effort,interfere,takeover,piedmont,icahn,unavailable,comment,piedmont,volume,twa,doubt,spread,take,analyst,source,view,twa,bid,attempt,trigger,counter,suitor,want,airline,next,move,icahn,start,tender,deal,speculate,arbitrager,arbitrager,risk,current,piedmont,clear,bid,succeed,large,suitor,usair,cash,half,piedmont,balance,arbitrager,however,believe,depressed,piedmont,buying,opportunity,airline,destine,usair,least,likely,icahn,long,talk,consolidation,airline,industry,also,alternative,way,airline,combination,include,give,little,credibility,icahn,lack,financing,riddled,contingency,still,succeed,hold,airline,analyst,fit,well,twa,discount,arbitrager,analyst,however,icahn,prove,serious,follow,threat,make,new,make,icahn,threaten,go,directly,low,usair,reject,clear,icahn,want,bluff,arbitrager,analyst,underprice,analyst,believe,icahn,propose,way,airline,combination,face,insurmountable,regulatory,hurdle,believe,clear,separately,twa,survive,deal,work,analyst,analyst,costly,complicated,twa,good,cost,structure,icahn,succeed,win,concession,union,order,carrier,come,twa,wage,scale,twa,survive,entity,analyst,move,necessarily,free,icahn,skill,reduce,ozark,airline,cost,last,necessary,ingredient,work,analyst,speculate,management,piedmont,tolerate,icahn,head,new,usair,way,exit,usair,airline,twa;9
393;test/16068;dlr,money-fx;open,low,open,record,low,aggressive,bank,intervention,dealer,previous,record,low,march,opening,compare,close,broker,open,dealer,intervention,take,place,dealer,open,mark,low,central,bank,intervention,dealer,pressure,strong,security,house,institutional,investor,hectic,nervous,trading,underlie,bearish,dealer,surpise,sharp,many,drop,happen,eventually,institutional,investor,aggressively,dealer,steady,well,bank,intervention,scatter,short,cover,open,swiss,close,sterling,start;8
585;test/16678;earn;dividend,record;8
3474;training/2458;earn;figure,base,change,reporting,period,include,writedown,certain,asset;8
6169;training/9769;gnp;bank,high,gross,domestic,product,gdp,grow,central,bank,forecast,compare,gdp,forecast,make,last,also,annual,report,gross,national,product,grow,decline,turnaround,investor,confidence,last,spur,moderate,improvement,oil,commodity,manufacturing,export,come,anticipate,export,earning,industrialise,country,sustain,average,add,negara,forecast,assume,crude,oil,average,barrel,rubber,cent,kilo,tin,ringgit,manufacturing,export,international,turn,around,decline,income,high,private,consumer,spending,likely,recover,expand,budget,remain,strict,control,resource,gap,government,finance,current,account,bridge,bank,governor,current,account,deficit,narrow,ringgit,previous,bank,forecast,inflation,increase;5
1215;test/19761;earn;cts,asset,deposit,loan,give,earning,convert,mutual,saving;8
1931;training/10596;acq;corning,glass,work,fiber,optic,stake,corning,glass,work,interest,involve,research,development,fiber,optic,sensor,purchase,disclose,privately,hold,technology,dynamic,plan,introduce,line,fiber,optic,sensor,later,corn,glass;4
2241;training/11406;gas;new,gasoline,grade,raise,refining,cost,new,grade,unleaded,gasoline,test,increase,refining,cost,refiner,least,afford,accord,official,attend,national,new,grade,unleade,gasoline,octane,level,compare,super,unleaded,regular,unleaded,gasoline,test,new,mid,grade,gasoline,hope,regular,basis,midwest,begin,accord,executive,vice,begin,new,octane,unleaded,gasoline,source,convert,current,refinery,operation,produce,octane,unleaded,gsoline,cost,hundred,million,refinery,depend,present,capacity,intensity,refinery,amoco,oil,welcome,introduction,grade,unleade,gasoline,grade,warrant,refiner,upgrade,add,investment,make,vice,petroleum,conoco,operate,subsidiary,order,upgrade,refinery,operation;3
3456;training/24;earn;annual,annual,dividend,payable,stockholder;8
3365;training/2175;crude;report,due,oil,import,commission,study,oil,import,include,effect,security,make,report,soon,panel,last,oil,import,need,make,report,soon,probably,next,national,security,report,special,action,need,take,implement;3
5577;training/8219;earn;march;8
4982;training/6557;silver;handy,harman,sufficient,silver,supply,world,silver,large,enough,accommodate,change,supply,demand,equation,industrial,consumption,exceed,mine,production,dealer,house,handy,annual,review,silver,house,estimate,industry,last,withdraw,ounce,silver,bridge,supply,deficit,cause,consumption,ounce,production,level,ounce,however,world,huge,totaling,ounce,review,world,industrial,consumption,uptrend,offtake,still,level,ounce,handy,harman,ounce,silver,use,produce,coin,last,ounce,demand,get,big,boost,production,coin,include,american,eagle,also,recent,communist,country,increase,silver,import,estimate,east,alone,take,ounce,foreign,silver,last;6
1099;test/19275;barley,grain,oat,wheat;deteriorate,hot,weather,hot,dry,weather,cause,deterioration,crop,accord,pool,weekly,crop,report,rain,need,central,northeast,region,region,need,rain,soon,summerfallow,crop,fair,good,condition,stubble,crop,fair,poor,wheat,durum,barley,crop,head,rye,milk,stage,winter,wheat,milk,stage,flax,tillering,tillering,area,southern,grain,belt,hit,high,wind,hail,damage,report;0
1691;test/21512;money-fx;insist,maintenance,balladur,issue,call,continue,faithful,application,louvre,major,industrial,country,balladur,respond,weekend,remark,take,look,accord,firmly,desire,faithfull,adherence,major,industrial,country,last,short,interest,keep,agree,last,call,stability,major,prolong,slide,accord,reaffirm,group,finance,minister,last,keep,agree,really,simply,sit,back,accept,increase,tighten,part,assumption,somehow,go,follow,add;8
126;test/15299;earn;vote;8
1309;test/20135;earn;half,half,include,pretax,gain,option,facility,backlog,previous,second;8
5802;training/8815;crude,nat-gas;court,allow,offshore,alaskan,exploration,unanimous,rule,oil,gas,exploration,proceed,tract,alaska,coast,lease,federal,government,major,oil,rule,important,victory,oil,administration,controversial,shore,leasing,program,setback,small,alaskan,village,challenge,lease,claim,damage,environment,administration,court,order,halt,drilling,create,uncertainty,lease,shore,appeal,court,order,oil,halt,exploration,remove,drill,rig,tract,bere,sea,possible,harm,subsistence,need,culture,native,appeal,court,wrong,issue,injunction,halting,exploration,injury,subsistence,resource,exploration,probable,justice,write,court,side,balance,harm,fact,oil,commit,approximately,exploration,conduct,summer,lose,chance,recovery,exploration,enjoin,union,oil,voiding,previously,grant,lease,result,staggering,financial,lease,involve,acre,generate,second,lease,cover,acre,produce,administration,official,lease,precede,intense,environmental,impact,study,deny,oil,gas,exploration,hurt,subsistence,resource,alaskan,village,gambell,stebbin,organization,eskimo,native,argue,drilling,hurt,native,hunting,fishing;3
1327;test/20232;veg-oil;aid,package,ready,yet,agree,food,aid,package,help,drought,stricken,asian,tell,interview,country,discuss,package,specific,announce,indian,visit,talk,potential,need,commercial,purchase,need,well,possibility,assistance,point,detailed,plan,program,amount,commodity,uncertain,indicate,indian,stand,ready,assist,way,deem,valuable,speculation,circle,subsidize,vegetable,oil,export,enhancement,program,donate,surplus,corn,section,amend,law,lyng,indicate,country,unable,agree,mix,concessional,commercial,aid,prefer,package,include,donate,food,indian,capable,purchasing,lot,take,care,country,come,long,way,ability,produce,food,great,pride,obviously,surplus,still,many,commodity,like,import,business,indian,always,compassion,people,like,cooperate,plan,meet,indian,official,gandhi,visit,add,know,announce,specifically,ask,ball,court,leave,evening;4
983;test/18738;crude;raise,crude,posting,raise,crude,oil,post,barrel,effective,post,increase,reaction,sun,co,raise,posting,similarly,yesterday;3
2833;training/13003;copper;temporary,mine,shutdown,production,remain,shut,fire,damage,copper,mine,completely,examine,mine,fire,start,burn,late,yesterday,kill,miner,trap,underground,hour,eventually,bring,safely,mine,spokesman,investigation,take,several,specific,noranda,resume,production,plan,operate,third,normal,metric,ton,annual,finished,capacity,fire,weaken,part,mine,support,structure,coffin,decide,keep,open,take,resume,full,production;6
2992;training/13790;acq;efh,purolator,emery,enter,hutton,terminate,pende,tender,effective,right,unilaterally,terminate,certain,circumstance,include,receipt,less,purolator,start,high,compete,tender,emery,compete,purolator,yesterday,subsidiary,extend,tender,expire,midnight,purolator,tender,withdrawn,interest,hold,early,emery,bid,expire,emery,pende,termination,pc,pc,release,purolator,discuss,emery,proposal,emery,emery,result,renew,request,purolatr,enter,negotiation,emery,purolator,agree,dispute,pc,right,receive,fee,purolator,agree,pc,unsuccessful,control,purolator,due,control,party,also,agree,let,purolator,pc,document,expense,connection,emery,agree,amount,purolator,fail;8
1254;test/19935;acq;kellwood,co,sign,definitive,disclose,combined,deal,complete,kellwood;8
1072;test/19122;ship;cargo,hire,docker,offset,strike,cargo,handle,hire,usual,number,docker,offset,intermittent,strike,spanish,port,spanish,docker,begin,strike,alternate,hour,protest,government,plan,partially,privatize,port,service;9
2471;training/11989;interest;raise,raise,prime;8
447;test/16190;money-fx,trade;move,hurt,world,figure,seriously,challenge,entrenched,view,policy,maker,group,industrialise,nation,relative,key,smoothing,world,problem,senior,european,official,fully,explain,datum,key,ask,export,shrink,manipulating,drive,make,world,problem,bad,rather,solve,fulfil,world,recession,decline,even,group,pact,make,export,competitive,official,economist,objective,reason,bad,european,community,rapidly,european,unit,decline,last,meeting,widely,interpret,sign,policy,maker,go,low,bad,volcker,correct,give,objective,explanation,official,explanation,tend,highly,subjective,know,think,know,head,delegation,know,community,exporter,make,hell,effort,make,effort,make,added,official,businessman,convince,low,export,fault,cite,restrictive,practice,protect,sector,agriculture,non,barrier,unreasonable,custom,procedure,car,import,publicly,official,remain,conciliatory,face,aggression,private,blame,industry,uncompetitive,way,seem,arrogant,senior,official,decline,name,refrain,accuse,make,enough,effort,industrialist,repeatedly,accuse,foreign,making,enough,effort,understand,foreigner,agree,real,issue,inability,major,sector,compete,internationally,even,home,tell,recent,conference;0
550;test/16530;earn;northern,northern;8
6103;training/9590;earn;sbc,earning,dilution,southwestern,plan,cellular,telephone,page,system,include,result,initial,earning,dilution,increase,debt,ratio,annual,report,regional,bell,indicate,degree,earning,dilution,total,however,debt,ratio,temporary,leave,debt,level,acceptable,range,yearend,financial,statement,southwestern,bell,list,debt,equity,ratio,slightly,compare,dip,southwestern,bell,new,law,negative,impact,cash,flow,due,mainly,investment,mid,however,reduce,corporate,positive,impact,income,cash,flow,addition,project,gain,customer,telephone,line,increase,long,distance,call,volume,southwestern,bell,capital,expenditure,low,spend,expenditure,hold,budget;4
1141;test/19447;acq;unit,agree,principle,asset,group,manufacture,electrical,insulation,compound,industrial,resin,develop,coating,electronic,industry,undisclosed,sico,sterling,group,canadian,asset,add,annual,volume;5
1416;test/20593;earn;bms;8
37;test/14959;ship;independent,chairman,dispute,side,general,cargo,dispute,agree,appoint,independent,chairman,preside,future,meeting,employer,spokesman,agenda,procedure,meeting,employer,union,work,practice,propose,redundancy,strike,sector,begin,protest,employer,proposal,redundancy,strong,workforce,strike,call,main,port,union,follow,court,interim,injunction,redundancy,procedural,ground,court,due,make,final,ruling,zeebregts,judgment,go,employer,therefore,likely,restart,complicated,legal,redundancy,procedure,future,meanwhile,dispute,new,work,practice,port,grain,sector,continue,maintenance,worker,strike,load,affected,spokesman,graan,elevator,mij,large,employer,sector,employer,write,union,ask,reconsider,position,meeting,union,member,call,tomorrow;5
3237;training/1815;sugar;sugar,output,low,sugar,crop,revise,raw,value,previous,forecast,previous,season,agriculture,department,report,department,attribute,decline,relatively,poor,profitability,sugar,cause,harvested,area,cane,beet,decline,beet,sugar,production,estimate,less,early,forecast,previous,season,cane,output,project,previously,forecast,previous,season;0
4346;training/4744;wpi;producer,index,finish,good,seasonally,adjust,basis,increase,come,increase,producer,high,energy,primarily,responsible,increase,slow,pace,finish,good,index,level,seasonal,adjustment,index,finish,good,stand,base,finished,good,index,energy,product,increase,slow,sharply,gasoline,home,heating,oil,department,decline,include,passenger,car,light,truck,level,reflect,expand,factory,finance,rebate,discount,loan,program,seasonal,adjustment,index,finish,good,stand,base,finished,good,index,energy,product,increase,slow,sharply,gasoline,home,heating,oil,department,decline,include,passenger,car,light,truck,level,reflect,expand,factory,finance,rebate,discount,loan,index,consumer,food,drop,vegetable,pork,coffee,cost,less,index,intermediate,good,follow,sharp,energy,main,reason,index,intermediate,energy,gasoline,diesel,fuel,high,half,jump,record,durable,manufacturing,material,index,edge,last,jump,steel,precious,metal,copper,stabilize,department,lead,zinc,hardwood,lumber,cement,cost,crude,material,index,energy,material,much,less,crude,petroleum,last,sharp,accellerate,log,timber,tobacco,cotton,metal,ore,copper,aluminum,scrap,finished,good,gasoline,increase,fuel,oil;3
5469;training/7956;earn;pep,boy,manny;8
5747;training/8690;acq;conrac,start,announce,yesterday,afternoon,newspaper,right,expire,extended,condition,receipt,minimum,number,condition,arrangement,financing,mark,already,conrac,outstanding;8
2826;training/12987;gold;asm,form,new,mining,transfer,mineral,interest,new,wholly,subsidiary,later,issue,public,mineral,interest,include,asamera,interest,cannon,gold,mine,wenatchee,produce,ounce,gold,produce,ounce,asamera,talk,bwrlf,possible,mining,interest,include,cannon,mine,terminate,elaborate,asamera,hold,mineral,property,separate,give,well,direct,recognition,value,asset,mining,interest,include,gold,exploration,prospect,acre,territory,gooseberry,gold,silver,mine,nevada,chromite,property,prospect,northwest,territory;6
75;test/15097;grain,wheat;hondura,seek,bulk,wheat,public,law,approximately,various,wheat,bulk,agent,country,agent,hondura,seek,well,northern,protein,minimum,moisture,maximum,well,hard,red,winter,protein,minimum,moisture,maximum,agent,ns,layday,include,sept,layday,include,due,remain,valid,agent;0
5800;training/8810;earn;qtrs,include,gain;8
4774;training/5965;earn;result,pre,fully,duliute,remain,stake,imperial,unit,loan,base,exchange,pound,sterling,previously,report,imperial,imperial,accept,part,recent,tender,make,groupe,entitle,receive,supplementary,payment,general,imperial,holding,become,wholly,unconditional,tender,penny;8
453;test/16207;earn;blue,circle,dividend,making,pretax,stg,turnover,full,name,blue,circle,industry,propose,capitalisation,issue,gross,distribution,cost,administrative,expense,operating,income,related,operate,interest,payable,exceptional,item,debit,debit,minority,extraordinary,item,pretax,include;9
162;test/15424;rubber;major,rubber,producer,meet,official,perhaps,meet,tomorrow,discuss,increase,regional,cooperation,rubber,marketing,way,raise,rubber,industry,source,official,discuss,link,rubber,country,improve,transparency,source,time,attend,meeting,representative,able,attend,tight,schedule,malaysia,account,world,rubber,export,major,regional,rubber,trading,centre,malaysian,rubber,future,freight,contract,rubber,issue,discuss,last,rubber,import,export,country,adopt,new,international,natural,rubber,new,pact,responsive,trend,predecessor,source,early,provision,allow,buffer,borrow,bank,eliminate;1
3240;training/1824;earn;dividend,dividend;8
2376;training/11756;earn;saving,record;8
2062;training/10922;earn;computer,comi,high,computer,high,earning,today,report,earning,earning;4
6139;training/969;ship;side,optimistic,rotterdam,port,issue,employer,afternoon,attempt,settlement,old,dispute,rotterdam,general,cargo,sector,side,optimistic,spokesman,side,tell,reuter,little,progress,make,last,night,hour,talk,side,largely,reiterate,position,still,large,gap,employer,reach,least,still,talk,union,spokesman,organization,chairman,accuse,intransigence,refuse,alter,stance,fnv,serious,discussion,really,optimistic,change,point,view,find,afternoon,still,refuse,accept,necessary,redundancy,general,cargo,sector,break,talk,redundancy,begin,later,series,strike,employer,cost,guilde,lose,import,business,begin,protest,plan,redundancy,sector,workforce,start,late,last,social,affair,dispute,settle,yesterday,withdraw,sector,guilder,annual,labour,subsidy,side,write,minister,yesterday,case,schoufour,hear,early;9
2825;training/12986;bop,gnp;forecast,grow,portugal,gross,domestic,product,gdp,grow,accord,bank,forecast,total,investment,country,second,nearly,last,central,bank,study,add,current,account,forecast,surplus,compare,previous,last,high,surplus,attribute,cheap,oil,raw,material,low,world,interest,weak,import,volume,forecast,grow,export,compare,increase,respectively,bank,forecast,calculate,assumption,non,expansionary,monetary,policy,carry,current,government,maintain,particularly,budget,spending,income,wage,policy,bank,add,forecast,also,base,assumption,international,economic,situation,world,relation,remain,less,central,bank,high,investment,estimate,due,government,policy,increase,optimism,financial,situation,improve,tendency,continue,especially,construction,public,work,sector,financial,aid,also,help,boost,investment,last,bank;1
6161;training/9747;bop;account,surplus,mark,official,current,account,surplus,mark,official;1
4237;training/4478;grain,wheat;wheat,purchase,foreign,seller,private,exporter,report,purchase,foreign,seller,wheat,delivery,unknown,destination,wheat,consist,hard,red,winter,tone,soft,red,winter,delivery,season,begin,purchase,foreign,seller,transaction,exporter,contract,produce,commodity,department;0
2339;training/11660;interest;raise,raise,base;9
3982;training/3846;earn;oil,nmc,result,improve,numac,oil,gas,significant,improvement,operating,performance,today,report,earning,continue,operation,yuear,early,due,low,crude,oil,pipeline,capacity,constraint,numac,change,introduce,federal,provincial,government,help,result;6
2441;training/11907;interest;hanover,raise,prime,co,become,third,major,bank,increase,prime,matching,move,initiate,yesterday,main,subsidiary,new,effective,today;1
4863;training/6222;earn;resource,split,declare,split,raise,cash,dividend,pre,split,split,dividend,payable,holder,record;8
5246;training/7311;cocoa;buffer,detail,tomorrow,council,icco,adjourn,detailed,proposal,buffer,rule,distribute,executive,committee,official,elect,delegate,producer,ec,consumer,consumer,schedule,hold,separate,meeting,tomorrow,review,proposal,write,icco,executive,director,working,group,meet,rule,morning,full,council,reconvene,delegate,elect,executive,committee,chairman,vice,chairman,add;5
2031;training/10827;gnp;gross,domestic,product,seasonally,adjust,gaining,fuel,largely,gain,good,produce,sector,output,service,produce,industry,decline,level,level,high,federal,agency,second,straight,gain,good,produce,industry,occur,manufacture,construction,manufacture,strong,gain,post,wood,machinery,non,metallic,mineral,food,product,group,significant,decline,record,output,automobile,part,however,service,sector,increase,finance,insurance,communication,offset,decline,transportation,storage,retail;6
4146;training/4220;earn;dividend;8
3086;training/14569;earn;ronc,include,reserve,include,benefit,th,include,writedown,gain,include,extraordinary,item,gain,carryforward,gain;8
2126;training/11109;earn;exclude,extraordinary,gain;8
4588;training/5442;acq;investment,purolator,affiliate,investment,fund,tell,total,outstanding,group,lead,investment,purpose,also,study,leverage,buyout,make,purolator,manager,decide,tender,group,hold,group;8
1498;test/20888;earn;na,na,amount,available,bank,convert,ownership,amount,include,operation,burgdoff,realtor,operation;8
2503;training/12067;earn;regular,class,record;8
4371;training/4812;acq;packaging,system,pak,label,packaging,agree,privately,hold,maker,weave,label,base,complete,disclose;9
4376;training/4821;earn;record;8
873;test/18236;acq;court,decline,block,court,deny,temporary,injunction,block,propose;8
4895;training/6325;earn;include,carryforward,gain,gain;8
247;test/15668;earn;vcs,vs,adjust,reverse,split;8
538;test/16463;acq;complete,complete,engage,international,oil,gas,exploration,development,primarily;6
5950;training/920;earn;making,turnover,stg,pretax,operate,interest,less,investment,income,exceptional,debit,minority,extraordinary,debit,operating,include,international,computer,communication,system,component,distribution,defence;4
29;test/14926;earn;report,high,italian,insurer,report,consolidated,group,significantly,high,lira,report,statement,parent,last,lira,report,consolidated,group,premium,total,lira,compare,previous,iniziativa,financial,unit,montedison,control,large,single,stake,florence,base,fondiaria;1
4468;training/5119;crude;half,interest,refinery,relate,operation,contract,sign,create,new,joint,venture,call,state,oil,pdvsa,order,interest,cost,cash,additional,crude,refined,oil,shipment,seek,line,group,north,bank,finance,new,working,capital,venezuelan,deal,pdvsa,supply,barrel,refinery,option,place,bpd,mostly,gasoline,distillate,champlin,distribution,system,state,new,direct,member,board,pdvsa;6
3568;training/2729;earn;int,totalizator,well,international,report,improve,compare,report,look,quite,favorable,graff,last,automate,ticket,system,supplier,report,graff,invest,heavily,believe,result,high,future,earning;1
1373;test/20389;veg-oil;urge,vegetable,protein,community,farmer,pressure,group,copa,urge,minister,agree,vegetable,protein,similar,oil,marine,fat,already,propose,tell,news,conference,also,urge,minister,seek,similar,mechanism,cereal,substitute,speak,meeting,farm,leader,danish,foreign,agriculture,minister,currently,chair,meeting,colleague,product,concerned,help,budget,problem,provide,stability,producer,turn,help,position,certain,crop,importer,oilseed,propose,severe,output,restriction,minority,oppose,oil,fat,import,domestically,produce,oil,marine,fat,succeed,block,idea,annual,fix,however,maintain,proposal,urge,minister,pursue,international,aim,bridge,gap,world;0
4399;training/4900;earn;increase,payable,record;8
574;test/16625;earn;nd;8
956;test/18646;earn;pclb,ctsd,period;8
4730;training/5830;cpi;oecd,annual,inflation,steady,inflation,industrialise,nation,organisation,economic,cooperation,development,unchanged,oecd,monthly,inflation,oecd,average,compare,last,retail,energy,strongly,reflect,world,oil,oecd,state,increase,level,retail,energy,still,lower,early,oecd,increase,consumer,exclude,food,energy,oecd,area,unchanged,previous,oecd,consumer,unadjuste,annual,inflation,lead,industrialise,nation,oecd;6
1852;training/10376;bop,trade;surplus,jump,current,account,surplus,february,surplus,february,early,long,capital,account,deficit,narrow,ministry,import,early,invisible,deficit,early,deficit,figure,tally,exactly,round,transfer,payment,narrow,deficit,last,deficit,early,deficit,basic,balance,payment,deficit,february,short,capital,account,payment,swing,deficit,surplus,early,surplus,error,omission,surplus,compare,surplus,early,deficit,overall,balance,payment,deficit,early;8
515;test/16396;earn;government,declare,initial,monthly,dividend,payable,holder,record;8
5316;training/7528;crude;lessen,lessen,foreign,oil;6
2188;training/11269;corn,grain;ivory,coast,boost,maize,output,ivory,coast,maize,output,steadily,last,decade,country,aim,produce,annually,rapidly,official,daily,fraternite,report,country,reach,self,sufficiency,maize,harvest,record,compare,early,daily,detail,output,production,increase,anticipate,ahead,part,policy,boost,domestic,output,cut,grain,import;0
560;test/16587;earn;include,operation,sperry,aerospace,operating,exclude,charge,discontinued,operation;9
3132;training/1521;crude;sun,raise,crude,oil,posting,raise,crude,oil,posting;3
3692;training/3046;ship;unit,container,crane,container,port,operator,hold,unit,place,order,quayside,container,crane,ton,mitsui,engineering,august,delivery,international,terminal,operate,crane;9
1248;test/19887;earn;hmx,cts;8
5147;training/7003;earn;final,making,pre,stg,turnover,extraordinary,debit,operate,exceptional,debit,rationalisation,programme,petroleum,taxis,corporation,overseas,effect,accounting,change,reduce,retain,earning,increase,extraordinary,debit,stg,relate,decision,seek,buyer,asset;3
5159;training/7036;income,money-fx,money-supply;outlook,spend,brisk,increase,personal,income,consumption,appear,release,today,bond,recent,sluggishness,suggest,major,reaction,much,large,economist,personal,income,forecast,compare,change,consumption,expenditure,project,increase,reverse,drop,record,supply,datum,also,release,increase,income,lead,strong,gain,wage,salary,disbursement,payroll,expand,job,lengthen,hourly,wage,report,vigorous,spending,durable,good,last,especially,car,least,add,prospect,bearish,data,trouble,bond,much,yesterday,bond,slip,yield,analyst,still,trap,narrow,range,desperately,seek,direction,seasonally,adjust,already,bond,quip,steadiness,long,bond,yield,around,sign,strong,economy,probably,reflect,expectation,inflation,remain,subdue,warn,assumption,justified,take,bond,long,inflation,return,double,digits,learn,lesson,little,slow,inflation,real,possibility,report,trading,late,yesterday,feed,fund,indicate,broker,open,comfortably;8
4258;training/4514;carcass,livestock;city,lift,processing,plant,plan,resume,operation,commercial,worker,beef,mail,letter,member,ufcw,local,inform,lockout,impose,lift,meatpacker,return,work,beef,revise,last,good,final,zack,beef,close,plant,indefinitely,mid,alternative,threat,meatpacker,disrupt,operation,member,local,affected,shutdown,labor,contract,plant,expire;0
5195;training/714;acq;talking,point,bid,war,large,entertainment,pit,management,group,investor,closely,hold,theater,operator,side,raise,bid,weekend,source,close,management,side,insist,timing,side,outside,director,approve,management,proposal,plan,put,vote,proxy,material,go,late,take,mail,source,source,predict,national,amusement,control,investor,sumner,redstone,need,half,complete,tender,regulatory,approval,accompany,change,control,license,cable,television,franchise,redstone,available,comment,arbitrage,player,rare,situation,enjoy,true,bidding,war,redstone,begin,tender,want,enough,people,convince,proposal,management,plan,chance,win,independent,director,call,meeting,today,word,decision,early,tomorrow,climb,midafternoon,major,issue,recommendation,think,bid,speak,condition,identify,redstone,proposal,management,proposal,create,restructure,heavily,leverage,debt,management,plan,result,balance,sheet,debt,nearly,preferred,convertible,redstone,new,proposal,holder,cash,fraction,exchangeable,preferred,value,fifth,arsenal,holding,represent,equity,interest,restructure,calculate,equity,redstone,plan,worth,make,total,package,worth,management,cash,exchangeable,preferred,worth,fractional,convertible,preferred,arbitrageur,equity,portion,worth,total,redstone,new,plan,raise,amount,interest,cash,portion,arsenal,consummate,plan,call,intest,annual,thereafter,previously,redstone,interest,management,group,lead,chief,executive,terrence,elke,high,redstone,really,want,management,seem,edge,timing,issue,redstone,analyst,hard,determine,equity,newly,leverage,worth,example,fmc,adopt,highly,leverage,structure,last,inititally,dip,last,viacom,report,fourth,earning,interest,cost,several,affect,result,analyst,warrant,purchase,viacom,chris,craft,industry,create,television,subscriber,operate,satellite,television,service,television,radio,station,large,distributor,film,program,television;4
836;test/18062;earn;full,name,include,loan,provision;8
4945;training/6457;earn;city;8
6197;training/9850;acq;hold,press,conference,schedule,today,senior,management,discuss,propose,standard,oil,co,srd,already,worth;3